Time,AccelX,AccelY,AccelZ,VelX,VelY,VelZ,PosX,PosY,PosZ,Roll,Pitch,Yaw
0.0006735324859619141,0,0,0,0.0,0.0,0.0,0.0,0.0,0.0,89.36812367318178,271.44588561661305,-64.535715198046
0.016185760498046875,0,0,0,0.0,0.0,0.0,0.0,0.0,0.0,88.735764049552,272.8908125118135,-122.69688253082731
0.0314786434173584,0,0,0,0.0,0.0,0.0,0.0,0.0,0.0,268.10393017614206,94.335646257511,56.67128359576273
0.04827475547790527,0,0,0,0.0,0.0,0.0,0.0,0.0,0.0,267.4715705525123,95.78106395422837,56.03892397213295
0.06329607963562012,0,0,0,0.0,0.0,0.0,0.0,0.0,0.0,266.8397070406927,97.22546112357882,66.14595756121884
0.07916045188903809,0,0,0,0.0,0.0,0.0,0.0,0.0,0.0,266.20790249276797,98.67079103809779,65.5141530132941
0.09693312644958496,0,0,0,0.0,0.0,0.0,0.0,0.0,0.0,265.5749945958132,100.11832090765867,64.88124511633936
0.11455440521240234,0,0,0,0.0,0.0,0.0,0.0,0.0,0.0,264.94214706346247,101.56323066658327,64.24839758398858
0.13011813163757324,0,0,0,0.0,0.0,0.0,0.0,0.0,0.0,264.3103360856867,103.00856706706432,63.61658660621279
0.1476912498474121,0,0,0,0.0,0.0,0.0,0.0,0.0,0.0,263.6775048552063,104.45303796513964,62.983755375732386
0.1627950668334961,0,0,0,0.0,0.0,0.0,0.0,0.0,0.0,263.045655514391,105.89892334625537,82.57676546608519
0.179091215133667,0,0,0,0.0,0.0,0.0,0.0,0.0,0.0,262.41385643519243,107.34480828875576,81.94496638688662
0.19714713096618652,0,0,0,0.0,0.0,0.0,0.0,0.0,0.0,261.78149681156265,108.79069370348608,81.31260676325684
0.21336817741394043,0,0,0,0.0,0.0,0.0,0.0,0.0,0.0,261.14851547423496,110.23657811218392,80.67962542592915
0.23325800895690918,0,0,0,0.0,0.0,0.0,0.0,0.0,0.0,260.51561285974185,111.68083423527811,80.04672281143604
0.25091052055358887,0,0,0,0.0,0.0,0.0,0.0,0.0,0.0,259.8837893798918,113.12618324693459,130.8644340354283
0.26810717582702637,0,0,0,0.0,0.0,0.0,0.0,0.0,0.0,259.2520163553736,114.5732411602881,62.22605493143115
0.2868928909301758,0,0,0,0.0,0.0,0.0,0.0,0.0,0.0,258.62092303242207,116.01849231884329,61.59496160847962
0.307187557220459,0,0,0,0.0,0.0,0.0,0.0,0.0,0.0,257.9885634087923,117.4621474439195,162.75603166976026
0.32144951820373535,0,0,0,0.0,0.0,0.0,0.0,0.0,0.0,257.3562037851625,118.90861584825004,162.12367204613048
0.34015893936157227,0,0,0,0.0,0.0,0.0,0.0,0.0,0.0,256.72444179495415,120.35210993340223,161.49191005592212
0.3592994213104248,0,0,0,0.0,0.0,0.0,0.0,0.0,0.0,256.09208217132436,121.79901589498311,95.84805155418667
0.37558746337890625,0,0,0,0.0,0.0,0.0,0.0,0.0,0.0,255.45921777085914,123.24338699364125,95.21518715372144
0.39174795150756836,0,0,0,0.0,0.0,0.0,0.0,0.0,0.0,254.82685814722936,124.6904076979491,94.58282753009166
0.41035962104797363,0,0,0,0.0,0.0,0.0,0.0,0.0,0.0,254.19449852359958,126.1373936411748,118.72560847529382
0.42751264572143555,0,0,0,0.0,0.0,0.0,0.0,0.0,0.0,253.5621388999698,127.58077962940067,118.09324885166404
0.4434220790863037,0,0,0,0.0,0.0,0.0,0.0,0.0,0.0,252.92977927634,129.0234852590892,117.46088922803426
0.4603598117828369,0,0,0,0.0,0.0,0.0,0.0,0.0,0.0,252.29741965271023,130.46838044095466,80.99087665012615
0.47623538970947266,0,0,0,0.0,0.0,0.0,0.0,0.0,0.0,251.66506002908045,131.91379288426822,80.35851702649637
0.49136900901794434,0,0,0,0.0,0.0,0.0,0.0,0.0,0.0,251.0315860221108,133.36023504769688,79.72504301952671
0.5091714859008789,0,0,0,0.0,0.0,0.0,0.0,0.0,0.0,250.40010526896822,134.8061210470743,139.70635578949435
0.5232667922973633,0,0,0,0.0,0.0,0.0,0.0,0.0,0.0,249.76774564533844,136.24988381882585,139.07399616586457
0.5402545928955078,0,0,0,0.0,0.0,0.0,0.0,0.0,0.0,249.13538602170865,137.69236775489165,138.4416365422348
0.5583643913269043,0,0,0,0.0,0.0,0.0,0.0,0.0,0.0,248.50345390494294,139.13953637895602,77.19691090235887
0.5720765590667725,0,0,0,0.0,0.0,0.0,0.0,0.0,0.0,247.87109428131316,140.58434317056376,76.56455127872908
0.5893256664276123,0,0,0,0.0,0.0,0.0,0.0,0.0,0.0,247.23927697054387,142.0302282721646,75.93273396795979
0.6066715717315674,0,0,0,0.0,0.0,0.0,0.0,0.0,0.0,246.60813323696402,143.47651986614048,75.30159023437994
0.6196784973144531,0,0,0,0.0,0.0,0.0,0.0,0.0,0.0,245.97577361333424,144.92240457509413,65.50688356502843
0.6391775608062744,0,0,0,0.0,0.0,0.0,0.0,0.0,0.0,245.34341398970446,146.3708408145924,64.87452394139865
0.6595323085784912,0,0,0,0.0,0.0,0.0,0.0,0.0,0.0,244.71105436607468,147.81728379781848,109.24216431776887
0.677318811416626,0,0,0,0.0,0.0,0.0,0.0,0.0,0.0,244.0786947424449,149.26316870007236,108.60980469413909
0.6953396797180176,0,0,0,0.0,0.0,0.0,0.0,0.0,0.0,243.4463351188151,150.71016149759592,107.9774450705093
0.7128169536590576,0,0,0,0.0,0.0,0.0,0.0,0.0,0.0,242.81397549518533,152.15771124691392,78.90215682251619
0.730410099029541,0,0,0,0.0,0.0,0.0,0.0,0.0,0.0,242.18221949524377,153.6048030608533,78.27040082257463
0.749692440032959,0,0,0,0.0,0.0,0.0,0.0,0.0,0.0,241.549859871614,155.05219444071616,77.63804119894485
0.7657501697540283,0,0,0,0.0,0.0,0.0,0.0,0.0,0.0,240.9175002479842,156.49858963197042,33.88355902260042
0.7820637226104736,0,0,0,0.0,0.0,0.0,0.0,0.0,0.0,240.2845691424709,157.94676040655762,33.250627917087115
0.8003754615783691,0,0,0,0.0,0.0,0.0,0.0,0.0,0.0,239.65170877276978,159.39164437875448,32.617767547385995
0.8163883686065674,0,0,0,0.0,0.0,0.0,0.0,0.0,0.0,239.01986533281433,160.83598115735245,103.55097528450852
0.8330824375152588,0,0,0,0.0,0.0,0.0,0.0,0.0,0.0,238.388673483385,162.2836175574503,102.91978343507918
0.8519811630249023,0,0,0,0.0,0.0,0.0,0.0,0.0,0.0,237.7568883144204,163.73065128789133,102.28799826611458
0.8701066970825195,0,0,0,0.0,0.0,0.0,0.0,0.0,0.0,237.12513117454,165.1759333806527,30.091189949156217
0.8893647193908691,0,0,0,0.0,0.0,0.0,0.0,0.0,0.0,236.49156635989402,166.6236257427125,29.457625134510238
0.9086689949035645,0,0,0,0.0,0.0,0.0,0.0,0.0,0.0,235.86015571671487,168.07046041662815,10.39126566840909
0.9239397048950195,0,0,0,0.0,0.0,0.0,0.0,0.0,0.0,235.2277960930851,169.51580002627006,9.758906044779309
0.9411559104919434,0,0,0,0.0,0.0,0.0,0.0,0.0,0.0,234.59672370626504,170.96104062540837,9.127833657959258
0.9617445468902588,0,0,0,0.0,0.0,0.0,0.0,0.0,0.0,233.96490344506583,172.40692575275656,61.626115750916
0.97900390625,0,0,0,0.0,0.0,0.0,0.0,0.0,0.0,233.33309207240927,173.85335905351084,60.99430437825944
0.9965426921844482,0,0,0,0.0,0.0,0.0,0.0,0.0,0.0,232.7012426496376,175.29873423448365,60.36245495548778
1.0128731727600098,0,0,0,0.0,0.0,0.0,0.0,0.0,0.0,232.06941058671873,176.7456745862431,121.37566110724487
1.029761552810669,0,0,0,0.0,0.0,0.0,0.0,0.0,0.0,231.43761944983908,178.19269643293393,120.74386997036521
1.0479950904846191,0,0,0,0.0,0.0,0.0,0.0,0.0,0.0,230.80475488546108,179.63706703842334,120.11100540598721
1.0641670227050781,0,0,0,0.0,0.0,0.0,0.0,0.0,0.0,230.1723952618313,181.08557828375618,23.138454036447513
1.080885887145996,0,0,0,0.0,0.0,0.0,0.0,0.0,0.0,229.54058063327102,182.5314633619503,22.506639407887235
1.0982959270477295,0,0,0,0.0,0.0,0.0,0.0,0.0,0.0,228.90822100964124,183.9768789768467,21.874279784257453
1.1133360862731934,0,0,0,0.0,0.0,0.0,0.0,0.0,0.0,228.2768466507896,185.4237497767696,2.8079566024837845
1.1291074752807617,0,0,0,0.0,0.0,0.0,0.0,0.0,0.0,227.64399630211938,186.8681631534378,2.175106253813567
1.1448085308074951,0,0,0,0.0,0.0,0.0,0.0,0.0,0.0,227.0116366784896,188.3135229199167,1.5427466301837853
1.1616554260253906,0,0,0,0.0,0.0,0.0,0.0,0.0,0.0,226.3788036002652,189.75893516782466,66.1347729831275
1.1767854690551758,0,0,0,0.0,0.0,0.0,0.0,0.0,0.0,225.74644397663542,191.20339174159008,65.50241335949772
1.1920475959777832,0,0,0,0.0,0.0,0.0,0.0,0.0,0.0,225.11408435300564,192.64871655301724,64.87005373586794
1.2100224494934082,0,0,0,0.0,0.0,0.0,0.0,0.0,0.0,224.48050693942787,194.0966324946965,134.01161689112206
1.2229642868041992,0,0,0,0.0,0.0,0.0,0.0,0.0,0.0,223.84760041337995,195.54306445866405,133.37871036507414
1.2404725551605225,0,0,0,0.0,0.0,0.0,0.0,0.0,0.0,223.21473020891244,196.98741809466586,132.74584016060663
1.256805658340454,0,0,0,0.0,0.0,0.0,0.0,0.0,0.0,222.5819295928677,198.43374507286936,132.1130395445619
1.2709205150604248,0,0,0,0.0,0.0,0.0,0.0,0.0,0.0,221.95010484641898,199.8812348709019,86.48121479811317
1.2880969047546387,0,0,0,0.0,0.0,0.0,0.0,0.0,0.0,221.31728312287942,201.32804487231235,85.84839307457361
1.3029251098632812,0,0,0,0.0,0.0,0.0,0.0,0.0,0.0,220.68492349924963,202.77393059945697,85.21603345094383
1.3179500102996826,0,0,0,0.0,0.0,0.0,0.0,0.0,0.0,220.0516282317085,204.21981635111356,59.807597614570795
1.3328876495361328,0,0,0,0.0,0.0,0.0,0.0,0.0,0.0,219.418721005306,205.66570140655122,59.1746903881683
1.3504111766815186,0,0,0,0.0,0.0,0.0,0.0,0.0,0.0,218.78636138167622,207.1130062693546,58.54233076453852
1.365577220916748,0,0,0,0.0,0.0,0.0,0.0,0.0,0.0,218.15400175804643,208.55940162309122,-7.3148882902593755
1.3818879127502441,0,0,0,0.0,0.0,0.0,0.0,0.0,0.0,217.5210846447235,210.00640157163556,-7.947805403582322
1.399756908416748,0,0,0,0.0,0.0,0.0,0.0,0.0,0.0,216.8891948323544,211.45275711719293,-8.579695215951403
1.4147627353668213,0,0,0,0.0,0.0,0.0,0.0,0.0,0.0,216.25683520872462,212.89764224178558,26.625598114697112
1.4307801723480225,0,0,0,0.0,0.0,0.0,0.0,0.0,0.0,215.62504193352834,214.34126173990254,25.993804839500825
1.4491026401519775,0,0,0,0.0,0.0,0.0,0.0,0.0,0.0,214.99165193930548,215.79023819001523,25.360414845277973
1.4654948711395264,0,0,0,0.0,0.0,0.0,0.0,0.0,0.0,214.3592923156757,217.2344972048715,54.11526169853798
1.4828400611877441,0,0,0,0.0,0.0,0.0,0.0,0.0,0.0,213.72693269204592,218.6821433888408,53.482902074908196
1.5016450881958008,0,0,0,0.0,0.0,0.0,0.0,0.0,0.0,213.09408489892485,220.12949347140557,52.85005428178712
1.5172741413116455,0,0,0,0.0,0.0,0.0,0.0,0.0,0.0,212.46068502523212,221.57589889166323,52.2166544080944
1.5343012809753418,0,0,0,0.0,0.0,0.0,0.0,0.0,0.0,211.82892250603254,223.01939509739665,51.584891888894816
1.5530767440795898,0,0,0,0.0,0.0,0.0,0.0,0.0,0.0,211.19656288240276,224.46528015361454,50.952532265265035
1.5705997943878174,0,0,0,0.0,0.0,0.0,0.0,0.0,0.0,210.56365321220983,225.91171523428926,56.659814340981995
1.5881900787353516,0,0,0,0.0,0.0,0.0,0.0,0.0,0.0,209.93079318523542,227.3550986848965,56.02695431400758
1.6042089462280273,0,0,0,0.0,0.0,0.0,0.0,0.0,0.0,209.29843356160563,228.8000010355621,55.3945946903778
1.6199891567230225,0,0,0,0.0,0.0,0.0,0.0,0.0,0.0,208.66659620877454,230.24484177046557,91.63265498339075
1.636672019958496,0,0,0,0.0,0.0,0.0,0.0,0.0,0.0,208.03369436169123,231.69072687284665,90.99975313630745
1.6539890766143799,0,0,0,0.0,0.0,0.0,0.0,0.0,0.0,207.40133473806145,233.13661237840796,90.36739351267767
1.6698827743530273,0,0,0,0.0,0.0,0.0,0.0,0.0,0.0,206.7680348660615,234.58249810997387,-18.700855182244283
1.6849122047424316,0,0,0,0.0,0.0,0.0,0.0,0.0,0.0,206.13514958906944,236.02890901031856,-19.33374045923634
1.7016870975494385,0,0,0,0.0,0.0,0.0,0.0,0.0,0.0,205.50278996543966,237.47526715559377,-19.96610008286612
1.7168200016021729,0,0,0,0.0,0.0,0.0,0.0,0.0,0.0,204.86993440136303,238.92264048321084,50.96609553013522
1.7326922416687012,0,0,0,0.0,0.0,0.0,0.0,0.0,0.0,204.23757477773324,240.36908792731637,50.33373590650544
1.7506928443908691,0,0,0,0.0,0.0,0.0,0.0,0.0,0.0,203.60521515410346,241.81545500173604,49.70137628287566
1.7661197185516357,0,0,0,0.0,0.0,0.0,0.0,0.0,0.0,202.97336432317206,243.26083160315713,49.06952545194426
1.7824301719665527,0,0,0,0.0,0.0,0.0,0.0,0.0,0.0,202.34100469954228,244.7056288164098,48.43716582831448
1.799853801727295,0,0,0,0.0,0.0,0.0,0.0,0.0,0.0,201.7091150063825,246.1505746887262,47.805276135154685
1.8148415088653564,0,0,0,0.0,0.0,0.0,0.0,0.0,0.0,201.0767553827527,247.59545515883698,-24.3921346655531
1.830918788909912,0,0,0,0.0,0.0,0.0,0.0,0.0,0.0,200.44341800453003,249.04134072675112,-25.02547204377578
1.8465754985809326,0,0,0,0.0,0.0,0.0,0.0,0.0,0.0,199.81105838090025,250.4872260695059,-25.65783166740556
1.8630566596984863,0,0,0,0.0,0.0,0.0,0.0,0.0,0.0,199.17869875727047,251.93264520921832,18.70980870896466
1.8779964447021484,0,0,0,0.0,0.0,0.0,0.0,0.0,0.0,198.54633913364069,253.3761002355991,18.077449085334877
1.8935644626617432,0,0,0,0.0,0.0,0.0,0.0,0.0,0.0,197.9139795100109,254.82142002660598,17.445089461705095
1.9117252826690674,0,0,0,0.0,0.0,0.0,0.0,0.0,0.0,197.2808116772003,256.2673063343015,106.81192162889448
1.9246127605438232,0,0,0,0.0,0.0,0.0,0.0,0.0,0.0,196.6479047190187,257.7142860611835,106.17901467071289
1.9421360492706299,0,0,0,0.0,0.0,0.0,0.0,0.0,0.0,196.01500600862983,259.15963210417834,105.54611596032402
1.9594287872314453,0,0,0,0.0,0.0,0.0,0.0,0.0,0.0,195.38221545831948,260.60551817780697,104.91332541001367
1.9731991291046143,0,0,0,0.0,0.0,0.0,0.0,0.0,0.0,194.74929403856095,262.049717720998,59.28040399025514
1.9911503791809082,0,0,0,0.0,0.0,0.0,0.0,0.0,0.0,194.11693441493117,263.4956032544523,58.648044366625356
2.0069096088409424,0,0,0,0.0,0.0,0.0,0.0,0.0,0.0,193.4841092715751,264.9414890261997,58.0152192232693
2.021902322769165,0,0,0,0.0,0.0,0.0,0.0,0.0,0.0,192.8506241483392,266.3884994490607,12.381734100033384
2.0402464866638184,0,0,0,0.0,0.0,0.0,0.0,0.0,0.0,192.2182645247094,267.83384695008175,11.749374476403602
2.057157039642334,0,0,0,0.0,0.0,0.0,0.0,0.0,0.0,191.58590490107963,269.28024710443367,11.11701485277382
2.0735905170440674,0,0,0,0.0,0.0,0.0,0.0,0.0,0.0,190.95354527744985,270.7243593567598,10.484655229144067
2.0925440788269043,0,0,0,0.0,0.0,0.0,0.0,0.0,0.0,190.32118565382007,272.16856087262573,9.852295605514286
2.1105949878692627,0,0,0,0.0,0.0,0.0,0.0,0.0,0.0,189.6893218737796,93.61543806692606,0.05808477975207893
2.126821994781494,0,0,0,0.0,0.0,0.0,0.0,0.0,0.0,189.0580563530093,95.06077607574534,-0.5731807410182057
2.144275665283203,0,0,0,0.0,0.0,0.0,0.0,0.0,0.0,188.42569672937952,96.50846146206078,-1.2055403646479874
2.1634724140167236,0,0,0,0.0,0.0,0.0,0.0,0.0,0.0,187.79387971663346,97.95597439371203,7.324989668327646
2.1808090209960938,0,0,0,0.0,0.0,0.0,0.0,0.0,0.0,187.16152009300367,99.40081568236415,6.692630044697864
2.1975133419036865,0,0,0,0.0,0.0,0.0,0.0,0.0,0.0,186.53025855084343,100.84450456231414,6.0613685025376185
2.2150957584381104,0,0,0,0.0,0.0,0.0,0.0,0.0,0.0,185.89789892721365,102.2898510562449,-21.13604229817014
2.2324020862579346,0,0,0,0.0,0.0,0.0,0.0,0.0,0.0,185.26666976527667,103.736301188695,-40.19173487238922
2.2503433227539062,0,0,0,0.0,0.0,0.0,0.0,0.0,0.0,184.63526418849233,105.18075578978552,-22.398677036891456
2.2655601501464844,0,0,0,0.0,0.0,0.0,0.0,0.0,0.0,184.00290456486255,106.62819698047475,93.53401451655674
2.2821590900421143,0,0,0,0.0,0.0,0.0,0.0,0.0,0.0,183.37003964285668,108.07357710671184,92.90114959455087
2.2983312606811523,0,0,0,0.0,0.0,0.0,0.0,0.0,0.0,182.73716459551179,109.51894701924964,92.26827454720598
2.3148069381713867,0,0,0,0.0,0.0,0.0,0.0,0.0,0.0,182.10433402813305,110.96483274366348,-14.921627395809395
2.329890727996826,0,0,0,0.0,0.0,0.0,0.0,0.0,0.0,181.47197440450327,112.41071829044655,-15.553987019439177
2.34564471244812,0,0,0,0.0,0.0,0.0,0.0,0.0,0.0,180.84017061653776,113.85660327403868,-16.185790807404686
2.3634183406829834,0,0,0,0.0,0.0,0.0,0.0,0.0,0.0,180.20828672738025,115.30296469111785,-9.422950366647257
2.378681182861328,0,0,0,0.0,0.0,0.0,0.0,0.0,0.0,179.57592710375047,116.74885011065956,-10.055309990277038
2.3948445320129395,0,0,0,0.0,0.0,0.0,0.0,0.0,0.0,178.94414034036163,118.1941620854433,-10.687096753665884
2.4131851196289062,0,0,0,0.0,0.0,0.0,0.0,0.0,0.0,178.31178071673185,119.64046375332575,7.005237714147768
2.426462411880493,0,0,0,0.0,0.0,0.0,0.0,0.0,0.0,177.6799570133644,121.08688483097488,6.373414010780323
2.4436612129211426,0,0,0,0.0,0.0,0.0,0.0,0.0,0.0,177.04759738973462,122.53169554372172,5.741054387150541
2.4608190059661865,0,0,0,0.0,0.0,0.0,0.0,0.0,0.0,176.41566788067212,123.97758162443739,5.109124878088039
2.474604368209839,0,0,0,0.0,0.0,0.0,0.0,0.0,0.0,175.7838693528165,125.42178327480387,-4.6850206954893
2.492558717727661,0,0,0,0.0,0.0,0.0,0.0,0.0,0.0,175.1510087446968,126.86867070604262,-5.317881303608999
2.5085976123809814,0,0,0,0.0,0.0,0.0,0.0,0.0,0.0,174.51864912106703,128.31592223671734,-5.950240927238781
2.523146390914917,0,0,0,0.0,0.0,0.0,0.0,0.0,0.0,173.88628949743725,129.76390542839215,13.642258880299522
2.53975510597229,0,0,0,0.0,0.0,0.0,0.0,0.0,0.0,173.2544127682877,131.2068936816348,13.010382151149969
2.555142641067505,0,0,0,0.0,0.0,0.0,0.0,0.0,0.0,172.62256687709123,132.65123783534696,12.378536259953506
2.571662425994873,0,0,0,0.0,0.0,0.0,0.0,0.0,0.0,171.99020725346145,134.09712358856402,-8.478682794844332
2.5866129398345947,0,0,0,0.0,0.0,0.0,0.0,0.0,0.0,171.35784762983167,135.54354700005075,-9.111042418474113
2.604254722595215,0,0,0,0.0,0.0,0.0,0.0,0.0,0.0,170.72548800620189,136.98792152847324,-9.743402042103895
2.620457172393799,0,0,0,0.0,0.0,0.0,0.0,0.0,0.0,170.0931283825721,138.43321885535417,34.624238334266295
2.6388888359069824,0,0,0,0.0,0.0,0.0,0.0,0.0,0.0,169.46134537427588,139.8785270422759,33.99245532597007
2.6572415828704834,0,0,0,0.0,0.0,0.0,0.0,0.0,0.0,168.8300116210885,141.3238994650238,33.36112157278268
2.6736955642700195,0,0,0,0.0,0.0,0.0,0.0,0.0,0.0,168.19821743692137,142.76978436480698,7.954186819783672
2.6920275688171387,0,0,0,0.0,0.0,0.0,0.0,0.0,0.0,167.5658578132916,144.21502819565296,7.32182719615389
2.712449550628662,0,0,0,0.0,0.0,0.0,0.0,0.0,0.0,166.9334981896618,145.6604592250433,56.23974871018794
2.7269318103790283,0,0,0,0.0,0.0,0.0,0.0,0.0,0.0,166.30169697959718,147.10522735900867,55.607947500123316
2.7447521686553955,0,0,0,0.0,0.0,0.0,0.0,0.0,0.0,165.6693373559674,148.5493486452892,54.975587876493535
2.7635996341705322,0,0,0,0.0,0.0,0.0,0.0,0.0,0.0,165.03697773233762,149.99618008492573,4.792947115199922
2.7787094116210938,0,0,0,0.0,0.0,0.0,0.0,0.0,0.0,164.40515619708913,151.44206522339212,4.161125579951431
2.7959771156311035,0,0,0,0.0,0.0,0.0,0.0,0.0,0.0,163.77338244986458,152.88853582123457,3.5293518327268885
2.814767837524414,0,0,0,0.0,0.0,0.0,0.0,0.0,0.0,163.14148589472006,154.33534775134356,-17.327404153585746
2.829500913619995,0,0,0,0.0,0.0,0.0,0.0,0.0,0.0,162.50963124164082,155.78022323771646,-17.95925880666499
2.845594882965088,0,0,0,0.0,0.0,0.0,0.0,0.0,0.0,161.87727161801104,157.22386913856283,-18.591618430294773
2.863518714904785,0,0,0,0.0,0.0,0.0,0.0,0.0,0.0,161.24532523338348,158.6689288885411,-19.223564814922327
2.876727819442749,0,0,0,0.0,0.0,0.0,0.0,0.0,0.0,160.6124247274047,160.1137322379275,-19.856465320901123
2.8940279483795166,0,0,0,0.0,0.0,0.0,0.0,0.0,0.0,159.9795583152827,161.55860407255253,-20.489331733023107
2.9102582931518555,0,0,0,0.0,0.0,0.0,0.0,0.0,0.0,159.34719869165292,163.00449006321747,-21.12169135665289
2.9243555068969727,0,0,0,0.0,0.0,0.0,0.0,0.0,0.0,158.71483906802314,164.4524203819661,4.811000196795305
2.9407269954681396,0,0,0,0.0,0.0,0.0,0.0,0.0,0.0,158.08247944439336,165.8983060548202,4.178640573165524
2.95599102973938,0,0,0,0.0,0.0,0.0,0.0,0.0,0.0,157.45063265912722,167.34521709036184,3.5467937878993894
2.97243070602417,0,0,0,0.0,0.0,0.0,0.0,0.0,0.0,156.81780710598923,168.79156878804142,-23.651082942316577
2.987363338470459,0,0,0,0.0,0.0,0.0,0.0,0.0,0.0,156.18598952699904,170.23799593662253,-24.28290052130677
3.0046749114990234,0,0,0,0.0,0.0,0.0,0.0,0.0,0.0,155.55362990336926,171.6838816997874,-24.915260144936553
3.019627094268799,0,0,0,0.0,0.0,0.0,0.0,0.0,0.0,154.92077111319122,173.12976717791088,-25.54811893511456
3.0356011390686035,0,0,0,0.0,0.0,0.0,0.0,0.0,0.0,154.28953579707468,174.57621426012386,-26.179354251231103
3.0535874366760254,0,0,0,0.0,0.0,0.0,0.0,0.0,0.0,153.65764242332807,176.0207012758499,-26.81124762497771
3.068509817123413,0,0,0,0.0,0.0,0.0,0.0,0.0,0.0,153.0247767786159,177.46608067307383,-47.66897270085798
3.0847017765045166,0,0,0,0.0,0.0,0.0,0.0,0.0,0.0,152.39136832185432,178.9145880136788,-48.30238115761955
3.1014997959136963,0,0,0,0.0,0.0,0.0,0.0,0.0,0.0,151.75997079169701,180.3609546966637,-48.933778687776865
3.116898536682129,0,0,0,0.0,0.0,0.0,0.0,0.0,0.0,151.12715101275896,181.80730067053267,15.658260964453149
3.131680727005005,0,0,0,0.0,0.0,0.0,0.0,0.0,0.0,150.49479138912918,183.2527105284801,15.025901340823367
3.146857738494873,0,0,0,0.0,0.0,0.0,0.0,0.0,0.0,149.8624317654994,184.69914924285132,14.393541717193585
3.164585828781128,0,0,0,0.0,0.0,0.0,0.0,0.0,0.0,149.23007214186958,186.14414264775468,13.761182093563775
3.1788928508758545,0,0,0,0.0,0.0,0.0,0.0,0.0,0.0,148.59825076308329,187.59056602969915,13.129360714777476
3.1961593627929688,0,0,0,0.0,0.0,0.0,0.0,0.0,0.0,147.96775335246906,189.03582970924256,12.498863304163251
3.2161176204681396,0,0,0,0.0,0.0,0.0,0.0,0.0,0.0,147.33539372883928,190.48221581625555,-46.30604974279342
3.2320728302001953,0,0,0,0.0,0.0,0.0,0.0,0.0,0.0,146.7036035605351,191.9269617703425,-46.93783991109761
3.250358819961548,0,0,0,0.0,0.0,0.0,0.0,0.0,0.0,146.0712439369053,193.3733706765854,-47.57019953472741
3.267082452774048,0,0,0,0.0,0.0,0.0,0.0,0.0,0.0,145.43943842785566,194.8187015606167,54.970548379549854
3.285210609436035,0,0,0,0.0,0.0,0.0,0.0,0.0,0.0,144.80768828407045,196.26336711638587,54.33879823576464
3.3044118881225586,0,0,0,0.0,0.0,0.0,0.0,0.0,0.0,144.17582574082633,197.70875553232884,53.70693569252052
3.3202645778656006,0,0,0,0.0,0.0,0.0,0.0,0.0,0.0,143.54293547939585,199.1530488224117,-36.92595456890996
3.337244749069214,0,0,0,0.0,0.0,0.0,0.0,0.0,0.0,142.91000295082165,200.59721494221301,-37.55888709748416
3.355621337890625,0,0,0,0.0,0.0,0.0,0.0,0.0,0.0,142.27764332719187,202.04261629250217,-38.19124672111394
3.37109112739563,0,0,0,0.0,0.0,0.0,0.0,0.0,0.0,141.6458059967125,203.48693468935667,-12.258032874515308
3.388139009475708,0,0,0,0.0,0.0,0.0,0.0,0.0,0.0,141.01401849571616,204.9328195308182,-12.889820375511647
3.4060683250427246,0,0,0,0.0,0.0,0.0,0.0,0.0,0.0,140.38165887208638,206.3782348826686,-13.522179999141429
3.4210855960845947,0,0,0,0.0,0.0,0.0,0.0,0.0,0.0,139.7488028982278,207.8231276849115,-40.720087150078
3.4369657039642334,0,0,0,0.0,0.0,0.0,0.0,0.0,0.0,139.116443274598,209.26790378088452,-41.3524467737078
3.454709768295288,0,0,0,0.0,0.0,0.0,0.0,0.0,0.0,138.48408365096822,210.71518941024576,-41.98480639733759
3.4696474075317383,0,0,0,0.0,0.0,0.0,0.0,0.0,0.0,137.85172402733843,212.16006298094763,-22.39230658979926
3.4858524799346924,0,0,0,0.0,0.0,0.0,0.0,0.0,0.0,137.21882471345253,213.6054084151789,-23.025205903685162
3.503129005432129,0,0,0,0.0,0.0,0.0,0.0,0.0,0.0,136.58693443169687,215.05223283732,-23.657096185440835
3.5181782245635986,0,0,0,0.0,0.0,0.0,0.0,0.0,0.0,135.95457480806706,216.49963353303315,-35.35196819451701
3.5343730449676514,0,0,0,0.0,0.0,0.0,0.0,0.0,0.0,135.32172959284688,217.94503353803006,-35.9848134097372
3.549859046936035,0,0,0,0.0,0.0,0.0,0.0,0.0,0.0,134.68884223714284,219.39144649894652,-36.61770076544124
3.566760778427124,0,0,0,0.0,0.0,0.0,0.0,0.0,0.0,134.05749775511936,220.83783947453216,-37.249045247464736
3.583061933517456,0,0,0,0.0,0.0,0.0,0.0,0.0,0.0,133.42513813148958,222.28563972231396,-37.88140487109453
3.598327398300171,0,0,0,0.0,0.0,0.0,0.0,0.0,0.0,132.7927785078598,223.73207897583123,-38.51376449472431
3.616075038909912,0,0,0,0.0,0.0,0.0,0.0,0.0,0.0,132.16001326717173,225.17877650444456,-28.08401734996599
3.6290414333343506,0,0,0,0.0,0.0,0.0,0.0,0.0,0.0,131.52819308047833,226.62681937888811,-28.715837536659407
3.6463160514831543,0,0,0,0.0,0.0,0.0,0.0,0.0,0.0,130.89529977921094,228.0732382334831,-29.34873083792678
3.663416624069214,0,0,0,0.0,0.0,0.0,0.0,0.0,0.0,130.26336288662307,229.5187016475903,-29.980667730514654
3.676936149597168,0,0,0,0.0,0.0,0.0,0.0,0.0,0.0,129.6310032629933,230.96402513627197,-5.83788678531252
3.69492244720459,0,0,0,0.0,0.0,0.0,0.0,0.0,0.0,128.99864363936348,232.41186987106025,-6.47024640894233
3.7105934619903564,0,0,0,0.0,0.0,0.0,0.0,0.0,0.0,128.3676556303687,233.8568413056117,-7.101234417937121
3.725231647491455,0,0,0,0.0,0.0,0.0,0.0,0.0,0.0,127.73578975671505,235.3027268310037,-26.16804911451274
3.741037607192993,0,0,0,0.0,0.0,0.0,0.0,0.0,0.0,127.10292382143022,236.7481059351193,-26.800915049797567
3.7572433948516846,0,0,0,0.0,0.0,0.0,0.0,0.0,0.0,126.46957796444681,238.19448458271467,-27.434260906780978
3.7730517387390137,0,0,0,0.0,0.0,0.0,0.0,0.0,0.0,125.83672853964858,239.64085994373494,-54.63216150865722
3.7888240814208984,0,0,0,0.0,0.0,0.0,0.0,0.0,0.0,125.20496039526064,241.08674461627817,-55.26392965304515
3.8078620433807373,0,0,0,0.0,0.0,0.0,0.0,0.0,0.0,124.57313783928261,242.5326297636521,-55.895752209023186
3.8252503871917725,0,0,0,0.0,0.0,0.0,0.0,0.0,0.0,123.94133128715168,243.98017398586273,-47.36521171543241
3.842700719833374,0,0,0,0.0,0.0,0.0,0.0,0.0,0.0,123.3084540418855,245.42709454620797,-47.998088960698595
3.8592212200164795,0,0,0,0.0,0.0,0.0,0.0,0.0,0.0,122.67763988473835,246.87246472930735,-48.62890311784574
3.875854253768921,0,0,0,0.0,0.0,0.0,0.0,0.0,0.0,122.04590852386683,248.3177208180956,-58.42298152443897
3.895949125289917,0,0,0,0.0,0.0,0.0,0.0,0.0,0.0,121.4129945844912,249.76305149920572,-59.05589546381459
3.913645029067993,0,0,0,0.0,0.0,0.0,0.0,0.0,0.0,120.7806349608614,251.20893746028722,-68.85060213316609
3.9278724193573,0,0,0,0.0,0.0,0.0,0.0,0.0,0.0,120.14827533723162,252.65423677128635,-69.48296175679587
3.9465692043304443,0,0,0,0.0,0.0,0.0,0.0,0.0,0.0,119.51649059295012,254.10069646803927,-70.11474650107738
3.9650185108184814,0,0,0,0.0,0.0,0.0,0.0,0.0,0.0,118.88548709419827,255.54703439903125,-88.1484541311855
3.9795217514038086,0,0,0,0.0,0.0,0.0,0.0,0.0,0.0,118.25427761669523,256.9929192147454,-88.77966360868854
3.9978179931640625,0,0,0,0.0,0.0,0.0,0.0,0.0,0.0,117.62249001139077,258.4370880021412,-89.411451213993
4.016088247299194,0,0,0,0.0,0.0,0.0,0.0,0.0,0.0,116.99093730054079,259.8829743154934,-0.04300392484299209
4.02896523475647,0,0,0,0.0,0.0,0.0,0.0,0.0,0.0,116.35912574161972,261.3283113021912,-0.6748154837640641
4.046520948410034,0,0,0,0.0,0.0,0.0,0.0,0.0,0.0,115.72727862107745,262.77368416084386,-1.3066626043063252
4.062909841537476,0,0,0,0.0,0.0,0.0,0.0,0.0,0.0,115.09491899744766,264.22089167524024,-1.939022227936107
4.077008008956909,0,0,0,0.0,0.0,0.0,0.0,0.0,0.0,114.46203392907186,265.6667769240432,-66.00685611923393
4.09382963180542,0,0,0,0.0,0.0,0.0,0.0,0.0,0.0,113.82967430544208,267.11266262043404,-66.63921574286371
4.1090247631073,0,0,0,0.0,0.0,0.0,0.0,0.0,0.0,113.1973146818123,268.5608547193429,-67.2715753664935
4.123805284500122,0,0,0,0.0,0.0,0.0,0.0,0.0,0.0,112.56591147431257,270.0053057561685,-22.902978573993224
4.139093399047852,0,0,0,0.0,0.0,0.0,0.0,0.0,0.0,111.93300398713976,271.4517386728736,-23.53588606116604
4.156628370285034,0,0,0,0.0,0.0,0.0,0.0,0.0,0.0,111.30113349412616,92.89860249980944,-24.167756554179633
4.172337293624878,0,0,0,0.0,0.0,0.0,0.0,0.0,0.0,110.66827570232591,94.34448798664539,-24.80061434597988
4.188242435455322,0,0,0,0.0,0.0,0.0,0.0,0.0,0.0,110.03591607869613,95.79093190783783,-25.432973969609662
4.20612907409668,0,0,0,0.0,0.0,0.0,0.0,0.0,0.0,109.40402042507186,97.23774563312008,-26.064869623233932
4.220975875854492,0,0,0,0.0,0.0,0.0,0.0,0.0,0.0,108.77215644386571,98.68462242684458,-71.69673360444008
4.236835241317749,0,0,0,0.0,0.0,0.0,0.0,0.0,0.0,108.13979682023593,100.132537847204,-72.32909322806987
4.253075122833252,0,0,0,0.0,0.0,0.0,0.0,0.0,0.0,107.50793558084342,101.579420100629,-72.96095446746237
4.26904559135437,0,0,0,0.0,0.0,0.0,0.0,0.0,0.0,106.87557595721364,103.02674361741968,-82.75566113681386
4.284391641616821,0,0,0,0.0,0.0,0.0,0.0,0.0,0.0,106.24321633358386,104.47262934410918,-83.38802076044364
4.2994866371154785,0,0,0,0.0,0.0,0.0,0.0,0.0,0.0,105.61196678685836,105.91851433465828,-84.01927030716914
4.317263841629028,0,0,0,0.0,0.0,0.0,0.0,0.0,0.0,104.98001022473771,107.36440065145642,-75.48887982356808
4.330106496810913,0,0,0,0.0,0.0,0.0,0.0,0.0,0.0,104.34710900350318,108.80866096648481,-76.12178104480262
4.347480535507202,0,0,0,0.0,0.0,0.0,0.0,0.0,0.0,103.71421816092742,110.2550773838443,-76.75467188737838
4.364562511444092,0,0,0,0.0,0.0,0.0,0.0,0.0,0.0,103.08232498834647,111.69956379431778,-77.38656505995932
4.37953519821167,0,0,0,0.0,0.0,0.0,0.0,0.0,0.0,102.45123257436578,113.14418088959688,-78.01765747394002
4.399788856506348,0,0,0,0.0,0.0,0.0,0.0,0.0,0.0,101.81887295073598,114.5907701955776,-78.65001709756982
4.422336101531982,0,0,0,0.0,0.0,0.0,0.0,0.0,0.0,101.1865133271062,116.03771924131662,-79.2823767211996
4.439455032348633,0,0,0,0.0,0.0,0.0,0.0,0.0,0.0,100.55589843573712,117.48418557768979,-79.91299161256867
4.457991123199463,0,0,0,0.0,0.0,0.0,0.0,0.0,0.0,99.92353881210732,118.93175132887504,-80.54535123619847
4.476041316986084,0,0,0,0.0,0.0,0.0,0.0,0.0,0.0,99.29117918847754,120.3771150936527,-81.17771085982825
4.492642641067505,0,0,0,0.0,0.0,0.0,0.0,0.0,0.0,98.65828636404733,121.82246707397087,-81.81060368425847
4.509732961654663,0,0,0,0.0,0.0,0.0,0.0,0.0,0.0,98.02592674041755,123.26732009610794,-82.44296330788825
4.5262227058410645,0,0,0,0.0,0.0,0.0,0.0,0.0,0.0,97.3940818774012,124.71526448060126,-128.07480817090456
4.542705535888672,0,0,0,0.0,0.0,0.0,0.0,0.0,0.0,96.76225386759816,126.1611496755688,-128.7066361807076
4.5597429275512695,0,0,0,0.0,0.0,0.0,0.0,0.0,0.0,96.13044806052531,127.60648086022402,-129.33844198778044
4.577471733093262,0,0,0,0.0,0.0,0.0,0.0,0.0,0.0,95.49916635709397,129.05182703098401,-84.96972369121183
4.594643592834473,0,0,0,0.0,0.0,0.0,0.0,0.0,0.0,94.86823221579688,130.49866304015248,-85.60065783250892
4.609807968139648,0,0,0,0.0,0.0,0.0,0.0,0.0,0.0,94.2358725921671,131.94594889238093,-86.2330174561387
4.624747276306152,0,0,0,0.0,0.0,0.0,0.0,0.0,0.0,93.60303772580336,133.3913593365451,3.134147677497566
4.640003442764282,0,0,0,0.0,0.0,0.0,0.0,0.0,0.0,92.97012260923601,134.83779981606563,2.5012325609302195
4.657732248306274,0,0,0,0.0,0.0,0.0,0.0,0.0,0.0,92.33729251869443,136.28321507772887,1.868402470388645
4.672797203063965,0,0,0,0.0,0.0,0.0,0.0,0.0,0.0,91.7044289228919,137.73061243043352,-88.76446112541389
4.6889708042144775,0,0,0,0.0,0.0,0.0,0.0,0.0,0.0,91.07206929926211,139.1737656667826,-89.39682074904368
4.7064173221588135,0,0,0,0.0,0.0,0.0,0.0,0.0,0.0,90.43877853187165,140.6191858661945,-90.03011151643415
4.721333026885986,0,0,0,0.0,0.0,0.0,0.0,0.0,0.0,89.80591468274939,142.06507130017033,-135.6629753655564
4.737477540969849,0,0,0,0.0,0.0,0.0,0.0,0.0,0.0,89.17305943159712,143.512443691745,-136.29583061670866
4.753330945968628,0,0,0,0.0,0.0,0.0,0.0,0.0,0.0,268.54069980796737,144.957303867716,43.07180975966156
4.769747972488403,0,0,0,0.0,0.0,0.0,0.0,0.0,0.0,267.90687420064876,146.4051440824341,42.43798415234295
4.785396337509155,0,0,0,0.0,0.0,0.0,0.0,0.0,0.0,267.274514577019,147.84813842419305,41.80562452871317
4.800817489624023,0,0,0,0.0,0.0,0.0,0.0,0.0,0.0,266.6416050483871,149.29347355453785,41.17271500008127
4.8184216022491455,0,0,0,0.0,0.0,0.0,0.0,0.0,0.0,266.0092454247573,150.7397690037771,85.54035537645149
4.831578731536865,0,0,0,0.0,0.0,0.0,0.0,0.0,0.0,265.37581372218426,152.18726227853847,84.90692367387845
4.848675489425659,0,0,0,0.0,0.0,0.0,0.0,0.0,0.0,264.7434540985545,153.6347009731147,84.27456405024867
4.865281343460083,0,0,0,0.0,0.0,0.0,0.0,0.0,0.0,264.1115290747415,155.08145621432277,83.64263902643569
4.879155874252319,0,0,0,0.0,0.0,0.0,0.0,0.0,0.0,263.478072740549,156.52624455263086,83.00918269224323
4.896728277206421,0,0,0,0.0,0.0,0.0,0.0,0.0,0.0,262.8457131169192,157.97213037671818,82.37682306861345
4.91148042678833,0,0,0,0.0,0.0,0.0,0.0,0.0,0.0,262.21335349328945,159.4156816833366,81.74446344498367
4.926365613937378,0,0,0,0.0,0.0,0.0,0.0,0.0,0.0,261.58099386965966,160.8615674675025,101.33696325252194
4.941313743591309,0,0,0,0.0,0.0,0.0,0.0,0.0,0.0,260.94748229686263,162.30630032618214,100.7034516797249
4.960022687911987,0,0,0,0.0,0.0,0.0,0.0,0.0,0.0,260.31512267323285,163.75275712040917,100.07109205609513
4.978127479553223,0,0,0,0.0,0.0,0.0,0.0,0.0,0.0,259.68216176539715,165.19924299159388,79.21327171709135
4.997359991073608,0,0,0,0.0,0.0,0.0,0.0,0.0,0.0,259.0498021417674,166.64461485067184,78.58091209346156
5.013739824295044,0,0,0,0.0,0.0,0.0,0.0,0.0,0.0,258.41649350788464,168.09097504913328,77.94760345957883
5.029010534286499,0,0,0,0.0,0.0,0.0,0.0,0.0,0.0,257.78350771510975,169.5356070806598,122.31461766680394
5.049042224884033,0,0,0,0.0,0.0,0.0,0.0,0.0,0.0,257.15114809147997,170.97919444151782,121.68225804317416
5.0674567222595215,0,0,0,0.0,0.0,0.0,0.0,0.0,0.0,256.5187884678502,172.42375375129603,49.4848472424664
5.081566572189331,0,0,0,0.0,0.0,0.0,0.0,0.0,0.0,255.88585871089197,173.8679282101322,48.85191748550818
5.099857330322266,0,0,0,0.0,0.0,0.0,0.0,0.0,0.0,255.25349908726218,175.31381288456095,48.2195578618784
5.1187379360198975,0,0,0,0.0,0.0,0.0,0.0,0.0,0.0,254.6211394636324,176.7596990533768,47.58719823824862
5.132182836532593,0,0,0,0.0,0.0,0.0,0.0,0.0,0.0,253.98877984000262,178.2055839378806,46.954838614618836
5.1503965854644775,0,0,0,0.0,0.0,0.0,0.0,0.0,0.0,253.35526145737492,179.65088933651504,46.32132023199114
5.168839693069458,0,0,0,0.0,0.0,0.0,0.0,0.0,0.0,252.72290183374514,181.09593260872938,117.25401178543933
5.182286739349365,0,0,0,0.0,0.0,0.0,0.0,0.0,0.0,252.09054221011536,182.5440117626836,116.62165216180955
5.19991397857666,0,0,0,0.0,0.0,0.0,0.0,0.0,0.0,251.45818258648558,183.9888167284174,115.98929253817977
5.217142105102539,0,0,0,0.0,0.0,0.0,0.0,0.0,0.0,250.8258229628558,185.43389065136793,115.35693291454999
5.230139493942261,0,0,0,0.0,0.0,0.0,0.0,0.0,0.0,250.19401039065576,186.8792286601872,89.94997977351807
5.2476911544799805,0,0,0,0.0,0.0,0.0,0.0,0.0,0.0,249.56165076702598,188.32695920372888,89.31762014988828
5.262398719787598,0,0,0,0.0,0.0,0.0,0.0,0.0,0.0,248.92978399930269,189.77333759282953,88.68575338216499
5.278194189071655,0,0,0,0.0,0.0,0.0,0.0,0.0,0.0,248.2974243756729,191.22017578291096,67.8285343273671
5.293424606323242,0,0,0,0.0,0.0,0.0,0.0,0.0,0.0,247.66558803612077,192.66710761872454,67.19669798781496
5.310179948806763,0,0,0,0.0,0.0,0.0,0.0,0.0,0.0,247.03369413338294,194.1129933887164,66.56480408507713
5.325130462646484,0,0,0,0.0,0.0,0.0,0.0,0.0,0.0,246.40183653732436,195.55988289701511,110.93294648901855
5.341167449951172,0,0,0,0.0,0.0,0.0,0.0,0.0,0.0,245.76892317164345,197.00576789887745,110.30003312333764
5.358877658843994,0,0,0,0.0,0.0,0.0,0.0,0.0,0.0,245.13656354801367,198.45211975165384,109.66767349970786
5.373807430267334,0,0,0,0.0,0.0,0.0,0.0,0.0,0.0,244.5047219930551,199.8995592708388,84.26069137591742
5.390410900115967,0,0,0,0.0,0.0,0.0,0.0,0.0,0.0,243.8729037658644,201.34760996619326,83.62887314872671
5.407756090164185,0,0,0,0.0,0.0,0.0,0.0,0.0,0.0,243.24147235046655,202.79395985441013,82.99744173332886
5.422574281692505,0,0,0,0.0,0.0,0.0,0.0,0.0,0.0,242.60862644234237,204.2398454449507,82.36459582520467
5.4381818771362305,0,0,0,0.0,0.0,0.0,0.0,0.0,0.0,241.9767277116283,205.68480947124314,81.73269709449062
5.4529032707214355,0,0,0,0.0,0.0,0.0,0.0,0.0,0.0,241.34545015071978,207.13015355266657,81.10141953358209
5.47022557258606,0,0,0,0.0,0.0,0.0,0.0,0.0,0.0,240.7135220945205,208.5760396207036,60.24463204621472
5.48403263092041,0,0,0,0.0,0.0,0.0,0.0,0.0,0.0,240.08271327943964,210.0208910713918,59.613823231133864
5.500583648681641,0,0,0,0.0,0.0,0.0,0.0,0.0,0.0,239.45035365580986,211.4673213514512,58.98146360750408
5.51802921295166,0,0,0,0.0,0.0,0.0,0.0,0.0,0.0,238.8188250550387,212.91445409389124,103.34993500673289
5.531586647033691,0,0,0,0.0,0.0,0.0,0.0,0.0,0.0,238.18646543140892,214.359734548252,102.71757538310311
5.5508832931518555,0,0,0,0.0,0.0,0.0,0.0,0.0,0.0,237.5535119443515,215.804431473134,102.08462189604569
5.569789171218872,0,0,0,0.0,0.0,0.0,0.0,0.0,0.0,236.92167522481975,217.24979384001023,29.887733999435966
5.586527109146118,0,0,0,0.0,0.0,0.0,0.0,0.0,0.0,236.2898219575485,218.69466654267367,29.255880732164712
5.602737188339233,0,0,0,0.0,0.0,0.0,0.0,0.0,0.0,235.65746233391872,220.13994705715928,28.62352110853493
5.622429847717285,0,0,0,0.0,0.0,0.0,0.0,0.0,0.0,235.02510271028893,221.5858318392588,54.55621266198315
5.640699625015259,0,0,0,0.0,0.0,0.0,0.0,0.0,0.0,234.39156872614547,223.0323037295746,53.922678677839684
5.659496545791626,0,0,0,0.0,0.0,0.0,0.0,0.0,0.0,233.75870334965418,224.47970640880615,53.2898133013484
5.6756556034088135,0,0,0,0.0,0.0,0.0,0.0,0.0,0.0,233.12580993662812,225.92719295297712,61.81926693404404
5.692740440368652,0,0,0,0.0,0.0,0.0,0.0,0.0,0.0,232.49287550070528,227.37192814638084,61.1863324981212
5.711101293563843,0,0,0,0.0,0.0,0.0,0.0,0.0,0.0,231.85947246796638,228.8178134278231,60.552929465382306
5.7278642654418945,0,0,0,0.0,0.0,0.0,0.0,0.0,0.0,231.2271128443366,230.26270411983467,95.7582227960308
5.743693590164185,0,0,0,0.0,0.0,0.0,0.0,0.0,0.0,230.59529047462308,231.70858926558316,95.12640042631728
5.760878801345825,0,0,0,0.0,0.0,0.0,0.0,0.0,0.0,229.9629308509933,233.1549513325918,94.4940408026875
5.776081562042236,0,0,0,0.0,0.0,0.0,0.0,0.0,0.0,229.33057122736352,234.60184440156476,48.86168117905771
5.792248964309692,0,0,0,0.0,0.0,0.0,0.0,0.0,0.0,228.69821160373374,236.04716392201007,48.22932155542793
5.810301065444946,0,0,0,0.0,0.0,0.0,0.0,0.0,0.0,228.06488520766686,237.4920827654058,47.59599515936105
5.825801849365234,0,0,0,0.0,0.0,0.0,0.0,0.0,0.0,227.43201866143443,238.93796817584493,26.73826918196056
5.842007398605347,0,0,0,0.0,0.0,0.0,0.0,0.0,0.0,226.79909859023098,240.3849740143379,26.105349110757118
5.859953880310059,0,0,0,0.0,0.0,0.0,0.0,0.0,0.0,226.16626391758234,241.82943455586994,25.472514438108476
5.875143527984619,0,0,0,0.0,0.0,0.0,0.0,0.0,0.0,225.53287903445778,243.27583254625222,45.06398898615197
5.891591310501099,0,0,0,0.0,0.0,0.0,0.0,0.0,0.0,224.900519410828,244.72116504613732,44.43162936252219
5.909250020980835,0,0,0,0.0,0.0,0.0,0.0,0.0,0.0,224.26626847221485,246.16799641159315,43.79737842390904
5.924382209777832,0,0,0,0.0,0.0,0.0,0.0,0.0,0.0,223.63390884858507,247.61440616717573,52.32736584600099
5.941432476043701,0,0,0,0.0,0.0,0.0,0.0,0.0,0.0,223.00035139511272,249.061488604673,51.69380839252864
5.960590600967407,0,0,0,0.0,0.0,0.0,0.0,0.0,0.0,222.36799177148293,250.50788319769674,51.061448768898856
5.9768898487091064,0,0,0,0.0,0.0,0.0,0.0,0.0,0.0,221.73407300210454,251.95532764224757,86.26518295379873
5.993535041809082,0,0,0,0.0,0.0,0.0,0.0,0.0,0.0,221.10113617454533,253.40121243936642,85.63224612623952
6.012045860290527,0,0,0,0.0,0.0,0.0,0.0,0.0,0.0,220.4682687789467,254.8481133863311,84.9993787306409
6.028266668319702,0,0,0,0.0,0.0,0.0,0.0,0.0,0.0,219.83536907763062,256.29453858512386,39.366479029324836
6.045579671859741,0,0,0,0.0,0.0,0.0,0.0,0.0,0.0,219.20190179108465,257.740423586206,38.73301174277887
6.063333034515381,0,0,0,0.0,0.0,0.0,0.0,0.0,0.0,218.56954216745487,259.18522537910974,38.10065211914909
6.080629825592041,0,0,0,0.0,0.0,0.0,0.0,0.0,0.0,217.9377415459861,260.63055133290794,37.468851497680305
6.098581075668335,0,0,0,0.0,0.0,0.0,0.0,0.0,0.0,217.3058813943784,262.0749383922995,36.83699134607258
6.114514350891113,0,0,0,0.0,0.0,0.0,0.0,0.0,0.0,216.6730050804348,263.52082371749924,36.20411503212898
6.131121635437012,0,0,0,0.0,0.0,0.0,0.0,0.0,0.0,216.04002202202298,264.96670811117775,-9.428868026282828
6.15177321434021,0,0,0,0.0,0.0,0.0,0.0,0.0,0.0,215.4076623983932,266.4125923103857,-10.06122764991261
6.1718590259552,0,0,0,0.0,0.0,0.0,0.0,0.0,0.0,214.77530277476342,267.86014406550885,34.30641272645761
6.189527273178101,0,0,0,0.0,0.0,0.0,0.0,0.0,0.0,214.14181870950995,269.3043423309445,33.67292866120414
6.207583665847778,0,0,0,0.0,0.0,0.0,0.0,0.0,0.0,213.51000016194428,270.7507685194026,33.04111011363847
6.224852800369263,0,0,0,0.0,0.0,0.0,0.0,0.0,0.0,212.87819048056951,272.1955536699144,23.246953386542003
6.24225926399231,0,0,0,0.0,0.0,0.0,0.0,0.0,0.0,212.24647077985662,93.63951815095609,22.61523368582911
6.262786388397217,0,0,0,0.0,0.0,0.0,0.0,0.0,0.0,211.61356845593616,95.08377514830394,21.98233136190865
6.280139446258545,0,0,0,0.0,0.0,0.0,0.0,0.0,0.0,210.98232038442563,96.52910435635658,10.28857090495174
6.297926664352417,0,0,0,0.0,0.0,0.0,0.0,0.0,0.0,210.3494482353566,97.97242709070541,9.655698755882696
6.31432580947876,0,0,0,0.0,0.0,0.0,0.0,0.0,0.0,209.7165781053949,99.41984398886635,9.022828625920994
6.330667495727539,0,0,0,0.0,0.0,0.0,0.0,0.0,0.0,209.0847477412084,100.86572920437975,48.84071712407069
6.347640752792358,0,0,0,0.0,0.0,0.0,0.0,0.0,0.0,208.45292192932664,102.3116143801668,48.20889131218894
6.364711284637451,0,0,0,0.0,0.0,0.0,0.0,0.0,0.0,207.82108018810356,103.75749969496357,47.57704957096587
6.381221532821655,0,0,0,0.0,0.0,0.0,0.0,0.0,0.0,207.18819500796906,105.20285938628649,17.556957913941545
6.398052930831909,0,0,0,0.0,0.0,0.0,0.0,0.0,0.0,206.5568151654901,106.64678538305644,16.92557807146258
6.413694620132446,0,0,0,0.0,0.0,0.0,0.0,0.0,0.0,205.9244555418603,108.09218798093507,16.2932184478328
6.429152250289917,0,0,0,0.0,0.0,0.0,0.0,0.0,0.0,205.29161738979053,109.53759511071999,69.82272734148472
6.44447135925293,0,0,0,0.0,0.0,0.0,0.0,0.0,0.0,204.6598125736449,110.98292529580053,69.19092252533909
6.462228059768677,0,0,0,0.0,0.0,0.0,0.0,0.0,0.0,204.02792966051345,112.42785754889333,68.55903961220764
6.4775230884552,0,0,0,0.0,0.0,0.0,0.0,0.0,0.0,203.39557003688367,113.87323397745561,22.92667998857786
6.493791103363037,0,0,0,0.0,0.0,0.0,0.0,0.0,0.0,202.7632104132539,115.3191188349767,22.294320364948078
6.512055158615112,0,0,0,0.0,0.0,0.0,0.0,0.0,0.0,202.13037866123284,116.7635881638788,21.66148861292703
6.527155876159668,0,0,0,0.0,0.0,0.0,0.0,0.0,0.0,201.49751198834053,118.20947357321259,21.028621940034725
6.543463706970215,0,0,0,0.0,0.0,0.0,0.0,0.0,0.0,200.86515236471075,119.65761472944521,20.396262316404943
6.561441898345947,0,0,0,0.0,0.0,0.0,0.0,0.0,0.0,200.23231893630907,121.10444803843572,19.76342888800326
6.5766050815582275,0,0,0,0.0,0.0,0.0,0.0,0.0,0.0,199.60047041505766,122.55135561715613,88.90672093558379
6.5930023193359375,0,0,0,0.0,0.0,0.0,0.0,0.0,0.0,198.9686604207585,123.99724065490874,88.27491094128465
6.610554218292236,0,0,0,0.0,0.0,0.0,0.0,0.0,0.0,198.33724836196905,125.44265257213034,87.64349888249518
6.625726938247681,0,0,0,0.0,0.0,0.0,0.0,0.0,0.0,197.70488873833926,126.88754917578291,37.46085812120157
6.641597747802734,0,0,0,0.0,0.0,0.0,0.0,0.0,0.0,197.07202661030112,128.33443963359477,36.82799599316343
6.65763783454895,0,0,0,0.0,0.0,0.0,0.0,0.0,0.0,196.43966698667134,129.7818592284492,36.195636369533645
6.674012899398804,0,0,0,0.0,0.0,0.0,0.0,0.0,0.0,195.8068286632382,131.22822358498203,-29.662061385067602
6.689336538314819,0,0,0,0.0,0.0,0.0,0.0,0.0,0.0,195.17398481892485,132.67556185558348,-30.29490522938096
6.704834938049316,0,0,0,0.0,0.0,0.0,0.0,0.0,0.0,194.54105944290802,134.1191837430877,-30.927830605397787
6.722951650619507,0,0,0,0.0,0.0,0.0,0.0,0.0,0.0,193.90869981927824,135.56372312436594,29.9968811466091
6.73740029335022,0,0,0,0.0,0.0,0.0,0.0,0.0,0.0,193.27688680004337,137.00906158412116,29.36506812737423
6.7549803256988525,0,0,0,0.0,0.0,0.0,0.0,0.0,0.0,192.64392245003944,138.45373668831306,28.7321037773703
6.774562358856201,0,0,0,0.0,0.0,0.0,0.0,0.0,0.0,192.01156282640966,139.9018421300438,20.70501982382558
6.792297124862671,0,0,0,0.0,0.0,0.0,0.0,0.0,0.0,191.37920320277988,141.34660911161333,55.887594765691176
6.810229539871216,0,0,0,0.0,0.0,0.0,0.0,0.0,0.0,190.74734550241317,142.79199264241683,19.44080249982909
6.8262975215911865,0,0,0,0.0,0.0,0.0,0.0,0.0,0.0,190.1149858787834,144.23899913370005,0.4837487847558748
6.84468412399292,0,0,0,0.0,0.0,0.0,0.0,0.0,0.0,189.4820188987245,145.6836689548305,-0.14921819530300695
6.86376428604126,0,0,0,0.0,0.0,0.0,0.0,0.0,0.0,188.85016701726124,147.12955435811756,-0.7810700767662695
6.880000591278076,0,0,0,0.0,0.0,0.0,0.0,0.0,0.0,188.21831595536185,148.57442263079182,-1.4129211386656664
6.8963329792022705,0,0,0,0.0,0.0,0.0,0.0,0.0,0.0,187.5865218978546,150.01917639722458,-2.044715196172916
6.91434383392334,0,0,0,0.0,0.0,0.0,0.0,0.0,0.0,186.9541622742248,151.46305932528887,-2.677074819802698
6.930401086807251,0,0,0,0.0,0.0,0.0,0.0,0.0,0.0,186.3213018970731,152.9094455430853,5.852411848767304
6.946394443511963,0,0,0,0.0,0.0,0.0,0.0,0.0,0.0,185.68894227344333,154.35590032843945,5.220052225137522
6.964632749557495,0,0,0,0.0,0.0,0.0,0.0,0.0,0.0,185.05658264981355,155.80080058383987,4.58769260150774
6.980304002761841,0,0,0,0.0,0.0,0.0,0.0,0.0,0.0,184.42374239668004,157.24620559422584,-22.610198828703744
6.995701313018799,0,0,0,0.0,0.0,0.0,0.0,0.0,0.0,183.79138277305026,158.6920905947878,-23.242558452333526
7.013223886489868,0,0,0,0.0,0.0,0.0,0.0,0.0,0.0,183.15902314942048,160.1370316479943,-23.874918075963308
7.028305530548096,0,0,0,0.0,0.0,0.0,0.0,0.0,0.0,182.5266635257907,161.5834203177973,28.62282465456289
7.044406175613403,0,0,0,0.0,0.0,0.0,0.0,0.0,0.0,181.8943039021609,163.02987092292338,27.99046503093311
7.062539577484131,0,0,0,0.0,0.0,0.0,0.0,0.0,0.0,181.26288704519754,164.4743424935015,27.35904817396974
7.077598333358765,0,0,0,0.0,0.0,0.0,0.0,0.0,0.0,180.63103072318825,165.91972463391912,26.727191851960413
7.093719959259033,0,0,0,0.0,0.0,0.0,0.0,0.0,0.0,179.99919686467945,167.36508411480528,26.095357993451614
7.110548734664917,0,0,0,0.0,0.0,0.0,0.0,0.0,0.0,179.3673172149023,168.81192970812185,25.463478343674467
7.125993967056274,0,0,0,0.0,0.0,0.0,0.0,0.0,0.0,178.73541809675805,170.25827602911224,-1.7334719515477275
7.140913963317871,0,0,0,0.0,0.0,0.0,0.0,0.0,0.0,178.10305847312827,171.7041617118492,-2.365831575177509
7.156129360198975,0,0,0,0.0,0.0,0.0,0.0,0.0,0.0,177.4718276571624,173.14835340917406,-2.9970623911433734
7.174152374267578,0,0,0,0.0,0.0,0.0,0.0,0.0,0.0,176.84041963658763,174.5937632896683,41.37152958828182
7.189453840255737,0,0,0,0.0,0.0,0.0,0.0,0.0,0.0,176.20806001295784,176.04066290138013,40.739169964652035
7.205622673034668,0,0,0,0.0,0.0,0.0,0.0,0.0,0.0,175.57626774358994,177.48768249297726,40.10737769528413
7.223866701126099,0,0,0,0.0,0.0,0.0,0.0,0.0,0.0,174.94517689423117,178.93483741070688,79.71264515519914
7.237307786941528,0,0,0,0.0,0.0,0.0,0.0,0.0,0.0,174.31281727060139,180.38178472061722,79.08028553156936
7.254324197769165,0,0,0,0.0,0.0,0.0,0.0,0.0,0.0,173.6804576469716,181.82875886910955,78.44792590793958
7.271775960922241,0,0,0,0.0,0.0,0.0,0.0,0.0,0.0,173.04851866077058,183.27506566995763,77.81598692173856
7.285201549530029,0,0,0,0.0,0.0,0.0,0.0,0.0,0.0,172.4167229641356,184.72038665594474,36.94783291582979
7.303274393081665,0,0,0,0.0,0.0,0.0,0.0,0.0,0.0,171.783860932955,186.16677451333592,36.3149708846492
7.319300413131714,0,0,0,0.0,0.0,0.0,0.0,0.0,0.0,171.15197824334098,187.61361405350632,35.68308819503517
7.334602117538452,0,0,0,0.0,0.0,0.0,0.0,0.0,0.0,170.52022184106806,189.06070506629402,10.27619122393034
7.3538243770599365,0,0,0,0.0,0.0,0.0,0.0,0.0,0.0,169.88728834391839,190.50716376599607,9.64325772678066
7.372133255004883,0,0,0,0.0,0.0,0.0,0.0,0.0,0.0,169.2549287202886,191.9525891511714,-11.213961328017206
7.386873245239258,0,0,0,0.0,0.0,0.0,0.0,0.0,0.0,168.62200288233578,193.40017268716176,-11.846887165970031
7.405080556869507,0,0,0,0.0,0.0,0.0,0.0,0.0,0.0,167.99084396447267,194.84725798803453,-12.478046083833135
7.42464017868042,0,0,0,0.0,0.0,0.0,0.0,0.0,0.0,167.3584843408429,196.29545454486413,31.889594292537083
7.442784070968628,0,0,0,0.0,0.0,0.0,0.0,0.0,0.0,166.72559782705446,197.74186667121208,31.25670777874865
7.459750652313232,0,0,0,0.0,0.0,0.0,0.0,0.0,0.0,166.0927061425631,199.18881598400168,30.62381609425728
7.476663112640381,0,0,0,0.0,0.0,0.0,0.0,0.0,0.0,165.46141202646447,200.6341684152558,5.2173814093267765
7.493732929229736,0,0,0,0.0,0.0,0.0,0.0,0.0,0.0,164.8290524028347,202.08059374698863,4.585021785696995
7.511007070541382,0,0,0,0.0,0.0,0.0,0.0,0.0,0.0,164.19719540282256,203.52647919494348,3.953164785684862
7.5271384716033936,0,0,0,0.0,0.0,0.0,0.0,0.0,0.0,163.56538069975647,204.9712744326604,-26.065856394271037
7.544499635696411,0,0,0,0.0,0.0,0.0,0.0,0.0,0.0,162.9330210761267,206.4193105864733,-26.69821601790082
7.5616865158081055,0,0,0,0.0,0.0,0.0,0.0,0.0,0.0,162.3006614524969,207.86519624125222,-27.3305756415306
7.576997756958008,0,0,0,0.0,0.0,0.0,0.0,0.0,0.0,161.66929113185995,209.31058710728055,26.20040108355414
7.592822551727295,0,0,0,0.0,0.0,0.0,0.0,0.0,0.0,161.03693150823017,210.7569386424777,25.56804145992436
7.607807636260986,0,0,0,0.0,0.0,0.0,0.0,0.0,0.0,160.40511378022836,212.2028237477196,24.936223731922553
7.625134706497192,0,0,0,0.0,0.0,0.0,0.0,0.0,0.0,159.7731868714185,213.6495752353836,-20.695703176887292
7.638946294784546,0,0,0,0.0,0.0,0.0,0.0,0.0,0.0,159.1408272477887,215.09494247236807,-21.328062800517074
7.655563831329346,0,0,0,0.0,0.0,0.0,0.0,0.0,0.0,158.50846762415892,216.54137359438155,-21.960422424146856
7.672993421554565,0,0,0,0.0,0.0,0.0,0.0,0.0,0.0,157.87610800052914,217.98610479587828,-22.592782047776637
7.685349702835083,0,0,0,0.0,0.0,0.0,0.0,0.0,0.0,157.24374837689936,219.43372452550716,-23.225141671406448
7.704226732254028,0,0,0,0.0,0.0,0.0,0.0,0.0,0.0,156.61027401230183,220.87960949570547,-23.85861603600398
7.722005367279053,0,0,0,0.0,0.0,0.0,0.0,0.0,0.0,155.97921794225329,222.32549553799512,-24.489672106052524
7.735930442810059,0,0,0,0.0,0.0,0.0,0.0,0.0,0.0,155.34798626202007,223.77138045058697,-33.25100614044172
7.753920793533325,0,0,0,0.0,0.0,0.0,0.0,0.0,0.0,154.71662228927778,225.21676811497005,-33.88237011318401
7.7698729038238525,0,0,0,0.0,0.0,0.0,0.0,0.0,0.0,154.08378867461158,226.66360179486412,-34.515203727850206
7.785005569458008,0,0,0,0.0,0.0,0.0,0.0,0.0,0.0,153.45299306941013,228.10844440054007,-27.015896978895682
7.801696538925171,0,0,0,0.0,0.0,0.0,0.0,0.0,0.0,152.8211179793883,229.554814539968,-27.647772068917504
7.81718635559082,0,0,0,0.0,0.0,0.0,0.0,0.0,0.0,152.18875835575852,231.00070021061148,-28.280131692547286
7.832281827926636,0,0,0,0.0,0.0,0.0,0.0,0.0,0.0,151.55639873212874,232.4465858321009,-8.687631885009012
7.847823143005371,0,0,0,0.0,0.0,0.0,0.0,0.0,0.0,150.92403910849893,233.8930224342014,-9.319991508638793
7.86559271812439,0,0,0,0.0,0.0,0.0,0.0,0.0,0.0,150.2912037429463,235.33843237482046,-9.95282687419143
7.880814552307129,0,0,0,0.0,0.0,0.0,0.0,0.0,0.0,149.6588441193165,236.78482470047666,-51.03490536015738
7.896807432174683,0,0,0,0.0,0.0,0.0,0.0,0.0,0.0,149.02818821250122,238.23014167313386,-51.66556126697266
7.9150519371032715,0,0,0,0.0,0.0,0.0,0.0,0.0,0.0,148.39529795107075,239.67549623881814,-52.29845152840315
7.932249069213867,0,0,0,0.0,0.0,0.0,0.0,0.0,0.0,147.76293832744096,241.1208153308743,-23.543604675143115
7.950190544128418,0,0,0,0.0,0.0,0.0,0.0,0.0,0.0,147.130032814672,242.56615451212707,-24.176510187912072
7.967728137969971,0,0,0,0.0,0.0,0.0,0.0,0.0,0.0,146.498748831363,244.01203965293413,-24.80779417122109
7.984812498092651,0,0,0,0.0,0.0,0.0,0.0,0.0,0.0,145.86693853159002,245.459572664923,-79.60195151671579
8.002466201782227,0,0,0,0.0,0.0,0.0,0.0,0.0,0.0,145.235159978741,246.90371421595495,-80.23373006956481
8.021100759506226,0,0,0,0.0,0.0,0.0,0.0,0.0,0.0,144.6037614055024,248.3505609071461,-80.8651286428034
8.036458969116211,0,0,0,0.0,0.0,0.0,0.0,0.0,0.0,143.9719924788035,249.7958548895854,-81.49689756950231
8.055383205413818,0,0,0,0.0,0.0,0.0,0.0,0.0,0.0,143.33905581515705,251.24289376816796,-82.12983423314876
8.073821544647217,0,0,0,0.0,0.0,0.0,0.0,0.0,0.0,142.7062395379919,252.68832296375209,-37.762650510313904
8.08843994140625,0,0,0,0.0,0.0,0.0,0.0,0.0,0.0,142.07331358828037,254.13534050796156,-38.39557646002544
8.106561660766602,0,0,0,0.0,0.0,0.0,0.0,0.0,0.0,141.4415560907721,255.58122508759325,-39.02733395753371
8.125889301300049,0,0,0,0.0,0.0,0.0,0.0,0.0,0.0,140.8091964671423,257.026661640949,-23.102622205526842
8.140179872512817,0,0,0,0.0,0.0,0.0,0.0,0.0,0.0,140.17683684351252,258.47100043705547,-23.734981829156624
8.156649589538574,0,0,0,0.0,0.0,0.0,0.0,0.0,0.0,139.54389808625294,259.9157269500749,-24.367920586416204
8.17519235610962,0,0,0,0.0,0.0,0.0,0.0,0.0,0.0,138.9119591373048,261.36245446253247,-14.991879733923028
8.188652038574219,0,0,0,0.0,0.0,0.0,0.0,0.0,0.0,138.2801464756978,262.80833952356176,-15.623692395530043
8.206148624420166,0,0,0,0.0,0.0,0.0,0.0,0.0,0.0,137.6488658302489,264.2558431170759,-16.25497304097894
8.22346830368042,0,0,0,0.0,0.0,0.0,0.0,0.0,0.0,137.0165062066191,265.7021467864457,-16.88733266460872
8.236823797225952,0,0,0,0.0,0.0,0.0,0.0,0.0,0.0,136.38414658298933,267.1491545833095,-44.084743465316464
8.25475263595581,0,0,0,0.0,0.0,0.0,0.0,0.0,0.0,135.75227216351973,268.595525387438,-44.71661788478605
8.270278930664062,0,0,0,0.0,0.0,0.0,0.0,0.0,0.0,135.11991253988995,270.04237285010856,-45.34897750841583
8.285720586776733,0,0,0,0.0,0.0,0.0,0.0,0.0,0.0,134.48861460909407,271.48772720535607,-25.755416008043653
8.302711009979248,0,0,0,0.0,0.0,0.0,0.0,0.0,0.0,133.85576989306276,92.9326426214966,-26.388260724074954
8.318219184875488,0,0,0,0.0,0.0,0.0,0.0,0.0,0.0,133.22341026943297,94.37756601461096,-27.02062034770475
8.333619594573975,0,0,0,0.0,0.0,0.0,0.0,0.0,0.0,132.5910506458032,95.82297911178163,-27.65297997133453
8.348743200302124,0,0,0,0.0,0.0,0.0,0.0,0.0,0.0,131.96090670563365,97.27052587467871,-28.283123911504077
8.366482496261597,0,0,0,0.0,0.0,0.0,0.0,0.0,0.0,131.32806901549986,98.71784573644679,-28.915961601637875
8.381770133972168,0,0,0,0.0,0.0,0.0,0.0,0.0,0.0,130.6962173873563,100.16423913300949,-57.902775015105476
8.39807939529419,0,0,0,0.0,0.0,0.0,0.0,0.0,0.0,130.06329291285974,101.61012403792913,-58.53569948960205
8.416147708892822,0,0,0,0.0,0.0,0.0,0.0,0.0,0.0,129.4314088076354,103.05553420401613,-59.1675835948264
8.431361675262451,0,0,0,0.0,0.0,0.0,0.0,0.0,0.0,128.79854924259695,104.50191961678628,-31.445481374540762
8.447374820709229,0,0,0,0.0,0.0,0.0,0.0,0.0,0.0,128.1656462183219,105.94889151018492,-32.078384398815814
8.464728832244873,0,0,0,0.0,0.0,0.0,0.0,0.0,0.0,127.53328659469211,107.39571593232601,-32.710744022445596
8.479794025421143,0,0,0,0.0,0.0,0.0,0.0,0.0,0.0,126.90092697106233,108.84056156117026,-33.34310364607535
8.496519327163696,0,0,0,0.0,0.0,0.0,0.0,0.0,0.0,126.26798844477074,110.28702524612666,-33.976042172366945
8.515169858932495,0,0,0,0.0,0.0,0.0,0.0,0.0,0.0,125.63614595848959,111.73342770477394,-34.60788465864809
8.531620264053345,0,0,0,0.0,0.0,0.0,0.0,0.0,0.0,125.00432314174124,113.17984966130496,-64.62691395228626
8.548733711242676,0,0,0,0.0,0.0,0.0,0.0,0.0,0.0,124.37254137769197,114.6234230143801,-65.25869571633552
8.567216634750366,0,0,0,0.0,0.0,0.0,0.0,0.0,0.0,123.74018175406218,116.06881915635901,-65.89105533996532
8.583073854446411,0,0,0,0.0,0.0,0.0,0.0,0.0,0.0,123.10666313301589,117.51412443474388,12.412913653542034
8.601585149765015,0,0,0,0.0,0.0,0.0,0.0,0.0,0.0,122.47484749862723,118.9583775539922,11.781098019153376
8.619030475616455,0,0,0,0.0,0.0,0.0,0.0,0.0,0.0,121.84248787499745,120.40325898193846,11.148738395523594
8.63505506515503,0,0,0,0.0,0.0,0.0,0.0,0.0,0.0,121.21012825136765,121.84815814480777,-59.258761796938145
8.650833129882812,0,0,0,0.0,0.0,0.0,0.0,0.0,0.0,120.57832003030668,123.2951459722236,-59.89057001799911
8.66847538948059,0,0,0,0.0,0.0,0.0,0.0,0.0,0.0,119.94697492243445,124.74052412185809,-60.521915125871345
8.684720039367676,0,0,0,0.0,0.0,0.0,0.0,0.0,0.0,119.31558257788124,126.18640973548027,-16.15330747042455
8.700472593307495,0,0,0,0.0,0.0,0.0,0.0,0.0,0.0,118.68379134414404,127.63286299940866,-16.785098704161754
